{
  "model": "RandomForestClassifier",
  "accuracy": 0.8,
  "f1": 0.7840653728294178,
  "precision": 0.7697191697191696,
  "recall": 0.8,
  "roc_auc": 0.4694960212201592
}