{
  "model": "RandomForestClassifier",
  "accuracy": 0.8,
  "f1": 0.7928030303030303,
  "precision": 0.7861082737487232,
  "recall": 0.8,
  "roc_auc": 0.4244031830238727
}